,coef,SE,t-stat,p-value
const,-0.006031,0.028782,-0.21,0.834
L1.DRCCLACBS,-0.009941,0.134272,-0.074,0.941
L1.FEDFUNDS,0.703347,0.064965,10.827,0