,coef,SE,t-stat,p-value
const,-0.000463,0.016799,-0.028,0.978
L1.DRCCLACBS,0.509391,0.078368,6.5,0
L1.FEDFUNDS,0.024518,0.037917,0.647,0.518